{"cameraMode":{"drawMode":0,"name":"Shaded","section":"Shading Mode"},"sceneLighting":true,"audioPlay":false,"sceneViewState":{"showFog":true,"showMaterialUpdate":false,"showSkybox":true,"showFlares":true,"showImageEffects":true,"showParticleSystems":true},"in2DMode":false,"pivot":{"x":1.8317316770553589,"y":4.6273064613342289,"z":-2.178126096725464},"rotation":{"x":0.34966930747032168,"y":-0.4015441834926605,"z":0.169296532869339,"w":0.8293560147285461},"size":11.310676574707032,"orthographic":false}