{"cameraMode":{"drawMode":0,"name":"Shaded","section":"Shading Mode"},"sceneLighting":true,"audioPlay":false,"sceneViewState":{"showFog":true,"showMaterialUpdate":false,"showSkybox":true,"showFlares":true,"showImageEffects":true,"showParticleSystems":true},"in2DMode":false,"pivot":{"x":0.9362010955810547,"y":-0.0933229923248291,"z":1.4276069402694703},"rotation":{"x":-0.10779638588428498,"y":0.8445709347724915,"z":-0.18559269607067109,"w":-0.49054598808288576},"size":3.510671854019165,"orthographic":false}